base_choice_scores,base_correct,base_margin,base_predicted_label,candidate_correct,candidate_margin,candidate_predicted_label,candidate_residual_scores,context_preview,example_id,gold_label,gold_text,oracle_alpha,oracle_alpha_choice_scores,oracle_alpha_correct,oracle_alpha_margin,oracle_alpha_predicted_label,oracle_alpha_selection_reason,oracle_best_of_two_correct,oracle_best_of_two_source,screening_bucket
"[-10.212508201599121, -10.95853328704834]",True,0.7460250854492188,A,True,0.7584352493286133,A,"[0.014643050730228424, 0.0022326763719320297]","Cassidy always loved eating scones at the shop near his home. He decided to try baking scones at home. At first his scones came out too try. However, he kept baking new batches until they were delicious.",01baa291-3fca-46ae-941e-d915af25831f,A,Cassidy became good at baking scones.,0.0,"[-10.212508201599121, -10.95853328704834]",True,0.7460250854492188,A,correct_min_abs,True,A,base_correct_control
"[-25.026710510253906, -14.566575050354004]",False,-10.460135459899902,B,False,-10.453207015991211,B,"[0.0029517742805182934, -0.003976135514676571]",John was afraid to go to school on Monday. He had not completed his science project. John lied to his parents that he was sick. His parents knew that John was lying.,051316ed-513e-49ec-ac89-91e86f46d128,A,"His parents made him go to school, and he got an F in science.",2048.0,"[-18.98147678375244, -22.70970058441162]",True,3.7282238006591797,A,correct_min_abs,False,A,improving_but_unflipped
"[-17.577056884765625, -13.285694122314453]",False,-4.291362762451172,B,False,-4.2966766357421875,B,"[-0.0033172955736517906, 0.00199680682271719]",Gina's dad was near the kitchen window outside. Her mother sprayed him through the window with the sink sprayer. Soon they were throwing cups of water at each other in the yard. Gina and her siblings joined as well.,09be0ffe-6425-4dc5-b5dd-d634ee5d7138,A,The whole family was wet at the end of the day.,-1024.0,"[-14.180146217346191, -15.330424308776855]",True,1.150278091430664,A,correct_min_abs,False,A,stubborn_wrong_story_context
"[-23.966167449951172, -13.599418640136719]",False,-10.366748809814453,B,False,-10.36607551574707,B,"[0.0011800499632954597, 0.0005075684748589993]",Paul always does his laundry. He sorts everything by color. He also sorts his socks and underwear. Somehow he always loses socks.,0ad3d77d-bf02-40ec-b070-f07cf29b8376,A,He has to go to the store on Sundays for new socks.,4096.0,"[-19.13268280029297, -11.520418167114258]",False,-7.612264633178711,B,best_margin_when_all_wrong,False,A,stubborn_wrong_story_context
"[-13.20808219909668, -13.725533485412598]",False,-0.517451286315918,A,False,-0.5269708633422852,A,"[0.013897242024540901, 0.004376955796033144]","Jane was selling chocolate bars for high school band. She carried the chocolate in her backpack, but forgot to sell them. She often ate a bar after school, or during lunch. She realized the money for the bars were due, and she had eaten them!",0b897141-236a-4329-96d4-1ff9ca054fec,B,Jane had to pay for the bars.,-64.0,"[-14.097505688667297, -14.005658656358719]",True,0.09184703230857849,B,correct_min_abs,False,A,improving_but_unflipped
"[-26.365833282470703, -20.78310203552246]",False,-5.582731246948242,B,False,-5.589128494262695,B,"[0.011730759404599667, 0.01812811568379402]",Every year we attend a poolside barbecue at my aunt's house. One year when my sister was very young she fell in the pool. As soon as my dad realized she was missing he ran for the pool. He dove in and brought my sister to the surface.,1055bd28-9480-4e7e-8b5c-68575b03911b,A,"After saving her, we were all relieved.",-1024.0,"[-38.37813091278076, -39.34629249572754]",True,0.9681615829467773,A,correct_min_abs,False,A,improving_but_unflipped
"[-47.411842346191406, -17.13802146911621]",True,30.273820877075195,B,True,30.280471801757812,B,"[0.011173372156918049, 0.017824295908212662]",Ross had big dreams to be a professional singer. He joined a band as lead vocalist. He took voice lessons. One day his band tried out for a talent competition.,10bc6a9e-2c3f-4544-b734-bf0a8f3c2ae0,B,Ross and his band scored first place.,0.0,"[-47.411842346191406, -17.13802146911621]",True,30.273820877075195,B,correct_min_abs,True,A,base_correct_control
"[-47.00267791748047, -12.08719253540039]",True,34.91548538208008,B,True,34.92770576477051,B,"[-0.006056912709027529, 0.006162736564874649]","Anna and Aidan were playing cards one night. Then Aidan suggested they play board games. Anna thought it'd be boring. She agreed anyway, and she was glad she did.",1161517a-7732-4f33-b709-cacb876c4750,B,She realized she loved board games.,0.0,"[-47.00267791748047, -12.08719253540039]",True,34.91548538208008,B,correct_min_abs,True,A,base_correct_control
"[-6.990118980407715, -32.998497009277344]",True,26.00837802886963,A,True,26.012349128723145,A,"[0.0048409863375127316, 0.0008702139602974057]",Henderson had dreamed of having a small coffee shop. He started saving up his money to open a shop downtown. Finally it was the day to open his new shop! Henderson had many customers on his first day.,16849c78-6b2d-4958-9dff-f069edcd8fee,A,Henderson's coffee shop was very successful.,0.0,"[-6.990118980407715, -32.998497009277344]",True,26.00837802886963,A,correct_min_abs,True,A,base_correct_control
"[-15.767562866210938, -13.367984771728516]",False,-2.399578094482422,B,False,-2.412856101989746,B,"[0.0009784888243302703, 0.01425616629421711]","Sarah was learning Algebra on her own. But after several weeks, she didn't improve much. She realized that she didn't set any goals for herself. So everyday, she set a certain goal.",16ac16d6-41a4-49f4-a3e1-ec242ce8f921,A,Before long Sarah began getting better at Algebra.,-256.0,"[-16.018056005239487, -17.017563343048096]",True,0.999507337808609,A,correct_min_abs,False,A,stubborn_wrong_story_context
"[-39.140499114990234, -47.60291290283203]",False,-8.462413787841797,A,False,-8.463363647460938,A,"[0.0011867040302604437, 0.00023664068430662155]","Joey's little sister was bugging him. He thought it might be funny to trip her. He tripped her, and she started crying. Their mom ran into the room.",199c6b70-7344-4879-96f0-33d97c3ff03e,B,Joey spent the afternoon alone in his room grounded from friends.,-4096.0,"[-44.00123882293701, -48.57219314575195]",False,-4.570954322814941,A,best_margin_when_all_wrong,False,A,stubborn_wrong_story_context
"[-18.95684242248535, -5.566458225250244]",False,-13.390384197235107,B,False,-13.383417129516602,B,"[0.011415263637900352, 0.00444821547716856]",Last week I ran into the cutest girl ever. We were both at the grocery store and our eyes met. I mustered up the courage to ask for her number. She said no.,1aa76d42-75e0-4dad-b03a-b934cc538d7f,A,I went on about my day.,2048.0,"[4.42161750793457, 3.543487071990967]",True,0.8781304359436035,A,correct_min_abs,False,A,improving_but_unflipped
"[-18.31676483154297, -20.32265853881836]",False,-2.0058937072753906,A,False,-2.0174999237060547,A,"[0.0065120551735162735, -0.005094040185213089]",Cindy need a pedicure. She went to the local nail salon. The stylist massaged her feet. They also filed her toes.,23255b83-0569-4621-a87e-88c306b6f16a,B,She chose a bright pink color for her polish.,-256.0,"[-19.983850955963135, -19.01858425140381]",True,0.9652667045593262,B,correct_min_abs,False,A,stubborn_wrong_story_context
"[-14.470638275146484, -12.020975112915039]",False,-2.4496631622314453,B,False,-2.462906837463379,B,"[0.0024084383621811867, 0.015651851892471313]",Janet worked hard to train for her wrestling meet. When she got there her opponent seemed game. They both tried their hardest. It ended in a tie.,298e28f7-11bc-4006-a979-1a8136466e1b,A,Janet was content with the result of the match.,-256.0,"[-15.087198495864868, -16.027849197387695]",True,0.9406507015228271,A,correct_min_abs,False,A,improving_but_unflipped
"[-18.216121673583984, -10.490358352661133]",False,-7.725763320922852,B,False,-7.720817565917969,B,"[0.011331228539347649, 0.006386203691363335]",Jim worked at the local coffee shop. He was the best barista in town. He always made sure his customers had the best drinks. Jim's boss saw him working one day and was impressed.,29abf924-4ded-4358-ab47-ea182ebf5542,A,Jim got a promotion for doing such a good job.,2048.0,"[4.990234375, 2.5885868072509766]",True,2.4016475677490234,A,correct_min_abs,False,A,improving_but_unflipped
"[-27.588350296020508, -17.608957290649414]",False,-9.979393005371094,B,False,-9.983320236206055,B,"[0.0048720380291342735, 0.008797772228717804]","Brian was cold. He decided to turn on the heat in his house. When the heat came on, it smelled like something was burning. Brian called the service man.",2be6403f-0762-40c2-b33e-c62dfddb1977,A,He was able to repair the heater at a fair price.,-4096.0,"[-47.54421806335449, -53.64463233947754]",True,6.100414276123047,A,correct_min_abs,False,A,stubborn_wrong_other
"[-38.096038818359375, -22.766948699951172]",False,-15.329090118408203,B,False,-15.32851791381836,B,"[0.01599116623401642, 0.015419239178299904]",Abe really enjoyed numbers and statistics. He was curious how many guns the population of Stanford owned. He sent out a survey. Abe spent weeks tallying the results.,2e874212-1f36-41bd-9928-d8ec96078ba5,A,He found the entire exercise very satisfying and interesting.,4096.0,"[27.403778076171875, 40.390254974365234]",False,-12.98647689819336,B,best_margin_when_all_wrong,False,A,stubborn_wrong_story_context
"[-22.265331268310547, -25.10909652709961]",False,-2.8437652587890625,A,False,-2.8411407470703125,A,"[-0.004017080180346966, -0.001391734927892685]","It was the last day to study before my math exam. I studied all day, without focusing on anything else. On the day of the exam, I did well. However, at home, I found a letter.",368e19bd-67a3-44b1-a148-add4428e1801,B,The letter told me I did not get accepted to college.,2048.0,"[-30.492311477661133, -27.959369659423828]",True,2.5329418182373047,B,correct_min_abs,False,A,improving_but_unflipped
"[-16.101531982421875, -27.9051570892334]",False,-11.803625106811523,A,False,-11.785247802734375,A,"[0.0030025725718587637, 0.021379884332418442]",My husband is lazy. He never wants to clean up. He likes to leave dirty dishes in the sink. i hate cleaning up his messes.,3922289b-0ae4-43d6-85ee-2b0d7bd42d4c,B,But I do it anyway because I'm afraid he will leave me.,1024.0,"[-13.026897668838501, -6.012155532836914]",True,7.014742136001587,B,correct_min_abs,False,A,improving_but_unflipped
"[-29.407413482666016, -16.191429138183594]",False,-13.215984344482422,B,False,-13.221399307250977,B,"[0.012573853135108948, 0.017987722530961037]",Ed made beef jerky for a living. He ran the business out of his garage. One day he woke up and noticed his garage jarred open. He looked inside and noticed everything in disarray.,3b1027c5-b9f8-4aca-b741-5288076d0a5a,A,Ed was shocked called the police for an investigation.,-4096.0,"[-80.90991592407227, -89.869140625]",True,8.959224700927734,A,correct_min_abs,False,A,stubborn_wrong_other
"[-23.006046295166016, -27.84328842163086]",False,-4.837242126464844,A,False,-4.847042083740234,A,"[0.008913609199225903, -0.0008875448256731033]","My family went to watch the fireworks for Independence Day. This is something that we do every year, no matter where we are. The kids love the bright bursts of light, but hate the loud bangs. My youngest fell asleep during the show.",3c256e20-6652-43e9-8ed5-de10e6c3c29e,B,We went home after a nice experience.,-512.0,"[-27.569814205169678, -27.38886547088623]",True,0.18094873428344727,B,correct_min_abs,False,A,improving_but_unflipped
"[-15.164071083068848, -14.396495819091797]",True,0.7675752639770508,B,True,0.7636899948120117,B,"[0.013637254014611244, 0.00975219439715147]",Last Saturday I decided to volunteer at the nursing home. To my surprise it was very fun. I played some checkers with the folks and read to them. The residents seemed to enjoy my company greatly.,48d12351-e074-460e-8008-05d67e07fa93,B,I plan to go back every week.,0.0,"[-15.164071083068848, -14.396495819091797]",True,0.7675752639770508,B,correct_min_abs,True,A,base_correct_control
"[-33.1665153503418, -58.547760009765625]",True,25.381244659423828,A,True,25.385780334472656,A,"[0.006384545937180519, 0.0018482282757759094]",Greg and his buddies went to the market to order a custom cake. Greg told the clerk he wanted a cake shaped like a haunted house. The clerk said they had a few haunted house designs to choose from. Greg and his buddies picked one out.,48fda842-e9a1-4c2d-b995-650e3f86d260,A,They were pleased with the cake the next day when they picked it.,0.0,"[-33.1665153503418, -58.547760009765625]",True,25.381244659423828,A,correct_min_abs,True,A,base_correct_control
"[-19.892173767089844, -16.987640380859375]",False,-2.9045333862304688,B,False,-2.9034175872802734,B,"[0.004256477579474449, 0.00314129376783967]",Cal got an ice cream making machine for his birthday. He was so excited to try it out! He added all the ingredients. Then he turned the crank and watched eagerly.,4956ea6c-f5bf-4b14-ba63-66837c13c76f,A,A big bowl of chocolate ice cream was soon ready.,4096.0,"[-2.4576416015625, -4.120901107788086]",True,1.663259506225586,A,correct_min_abs,False,A,stubborn_wrong_story_context
"[-13.849017143249512, -11.946325302124023]",False,-1.9026918411254883,B,False,-1.9198417663574219,B,"[0.0027447747997939587, 0.019894637167453766]",Alex wanted to visit a circus in town. He looked the circus up on the internet. The internet had several pages showing how circuses abused the animals. Alex was very sad when he saw the bull hooks used on the elephants.,4ba6828e-665e-48ec-99b0-c9b83c920bd6,A,He left the circus right away.,-128.0,"[-14.200348317623138, -14.492838859558105]",True,0.29249054193496704,A,correct_min_abs,False,A,stubborn_wrong_story_context
"[-15.85690689086914, -9.606284141540527]",False,-6.250622749328613,B,False,-6.2440900802612305,B,"[0.015215177088975906, 0.008682279847562313]",Martina was the goalie for her soccer team. They were up tied in the 4th quarter. With the time running out the opposing team stole the ball. The player on the other team kicked and scored.,538c6c35-cc90-4900-a418-7d3dd2df8b11,A,Martina fell to her knees and began to sob.,1024.0,"[-0.2765655517578125, -0.7156295776367188]",True,0.43906402587890625,A,correct_min_abs,False,A,stubborn_wrong_story_context
"[-21.50615692138672, -18.49379539489746]",False,-3.012361526489258,B,False,-3.0189590454101562,B,"[-0.012376068159937859, -0.005778603255748749]",Jack needed a new couch. He went to a local furniture store. He chose a lovely light beige couch. The first day home he spilled red wine on the arm of the couch.,5b97a09c-7f0e-44a5-9170-d6e244dbe732,A,He immediately applied stain remover and the stain was gone.,-512.0,"[-15.169610023498535, -15.535150527954102]",True,0.3655405044555664,A,correct_min_abs,False,A,stubborn_wrong_story_context
"[-10.03928279876709, -10.364850997924805]",True,0.32556819915771484,A,True,0.33782100677490234,A,"[0.01771271973848343, 0.0054593635722994804]","Amy liked her neighbor Brian, and hoped he would ask her out. She waited patiently, but he never mentioned a date. Finally one day Brian called and asked Amy to go to dinner. Amy was so happy, and they had a great time.",604f231c-ed86-41a7-8d43-e5864ebd7132,A,It was the beginning of a great relationship.,0.0,"[-10.03928279876709, -10.364850997924805]",True,0.32556819915771484,A,correct_min_abs,True,A,base_correct_control
"[-15.408151626586914, -13.849881172180176]",False,-1.5582704544067383,B,False,-1.5533723831176758,B,"[0.00976327620446682, 0.004865381866693497]","Peter needed a new pair of shoes. He threw on his favorite outfit and went out. He went to the mall and checked out the shops. In one shop, he found a nice pair of shoes.",60f98cc5-e612-4602-97ed-210514ab508e,A,Peter decided to buy the pair and went home.,512.0,"[-10.409354209899902, -11.358805656433105]",True,0.9494514465332031,A,correct_min_abs,False,A,improving_but_unflipped
"[-18.296051025390625, -20.52517318725586]",False,-2.2291221618652344,A,False,-2.240610122680664,A,"[-0.0021407832391560078, -0.013627391308546066]",Mina lost her purse at a restaurant. She was so unhappy! She thought she would never get her things back. But then Mina got a wonderful surprise.,63a75f76-2746-410e-b102-9dbf97c164e0,B,A stranger had found her purse and returned it to the restaurant.,-256.0,"[-17.748010516166687, -17.036561012268066]",True,0.7114495038986206,B,correct_min_abs,False,A,stubborn_wrong_story_context
"[-16.552942276000977, -13.586278915405273]",False,-2.966663360595703,B,False,-2.9654979705810547,B,"[0.006035478785634041, 0.004869914148002863]","Mustafa had never celebrated christmas as he was a muslim. One day, his boss invited him to a christmas party. Mustafa was unsure at first. Ultimately, he decided to attend the party.",63df9477-2e6b-44f1-9117-f3ca869e2f51,A,He ended up having a wonderful time with his co-workers.,4096.0,"[8.168378829956055, 6.360889434814453]",True,1.8074893951416016,A,correct_min_abs,False,A,stubborn_wrong_story_context
"[-40.59528350830078, -18.521953582763672]",False,-22.07332992553711,B,False,-22.083219528198242,B,"[0.003219033358618617, 0.01310835499316454]",Bill called a customer service line to complain about his bank. He was put on hold for 30 minutes. During this time Bill got madder and madder. Suddenly the phone clicked and Bill's call was dropped.,656d7561-b7e6-44d4-a13f-8a99a57e348e,A,Bill called the number again and yelled until he was satisfied.,-4096.0,"[-53.78044414520264, -72.21377563476562]",True,18.43333148956299,A,correct_min_abs,False,A,stubborn_wrong_other
"[-15.892112731933594, -14.921222686767578]",False,-0.9708900451660156,B,False,-0.9721975326538086,B,"[0.009575217962265015, 0.010882756672799587]",His first time at the opera. He only went after his girlfriend begged. He sat for three hours in sheer boredom. Finally it was over.,6a618bcf-441b-40ca-840a-12c3e016a7c6,A,He learned he didn't like the opera.,-1024.0,"[-25.69713592529297, -26.065165519714355]",True,0.3680295944213867,A,correct_min_abs,False,A,stubborn_wrong_story_context
"[-24.391117095947266, -25.63690948486328]",False,-1.2457923889160156,A,False,-1.2515125274658203,A,"[0.014317755587399006, 0.008597551845014095]",Sara really wanted a new dress for prom. However she could not afford one. She decided to make her own. She gathered the materials and set to work.,6e5cfaaa-d743-4cb8-8563-98c4ce46051e,B,Sara had no skills and the dress was a mess.,-256.0,"[-28.05646252632141, -27.83788275718689]",True,0.21857976913452148,B,correct_min_abs,False,A,stubborn_wrong_other
"[-19.423961639404297, -44.79987716674805]",True,25.37591552734375,A,True,25.37047576904297,A,"[0.01527793426066637, 0.020715801045298576]",Neil was touring the Greek islands. He had rented a small motorboat. He traveled from island to island. Neil was having a wonderful time.,744cc602-3e57-4a9e-8b4c-97f72793b3c3,A,"He loved the clean, fresh air.",0.0,"[-19.423961639404297, -44.79987716674805]",True,25.37591552734375,A,correct_min_abs,True,A,base_correct_control
"[-14.188746452331543, -19.147113800048828]",False,-4.958367347717285,A,False,-4.95196533203125,A,"[0.0018703329842537642, 0.008272219449281693]",Kyle hated the bologna sandwich his mom had given him for lunch. He looked around to see what his friends had. His best friend had peanut butter and jelly! Kyle asked if they could trade.,7c089225-e1b5-4677-99d6-5defca6b879a,B,He was happy that his friend agreed to the swap.,1024.0,"[-12.273525476455688, -10.676361083984375]",True,1.5971643924713135,B,correct_min_abs,False,A,stubborn_wrong_story_context
"[-21.841312408447266, -34.44717025756836]",False,-12.605857849121094,A,False,-12.592161178588867,A,"[-0.01735558919608593, -0.0036591419484466314]",Lulu and Jill had been friends for Years. However this summer they had a disagreement. The fight ruined their friendship. Lulu was not sure they could be friends again.,7c26b026-1e00-4cf7-a823-0fad7212a8c1,B,"Jill reached out, however, and they repaired their relationship.",1024.0,"[-39.61343574523926, -38.19413161277771]",True,1.4193041324615479,B,correct_min_abs,False,A,improving_but_unflipped
"[-22.062633514404297, -12.574014663696289]",False,-9.488618850708008,B,False,-9.477073669433594,B,"[0.014978411607444286, 0.0034327665343880653]",Janet was excited to get some pancakes. Her favorite fast food joint served them all day. She went there after work. When she got there they told her they were out.,81607ad0-83c4-4c23-ad7c-789a149d97c8,A,Janet had a huge look of disappointment on her face.,1024.0,"[-6.724740028381348, -9.05886173248291]",True,2.3341217041015625,A,correct_min_abs,False,A,improving_but_unflipped
"[-27.546707153320312, -24.17304229736328]",False,-3.3736648559570312,B,False,-3.4035778045654297,B,"[-0.04028262197971344, -0.010369769297540188]",Jane visited Old Navy to purchase new jeans. She was excited by their selection. She chose 9 pair of jeans to try on. To her dismay none of the jeans fit.,845de64c-93fe-4398-8e50-b828146b18ec,A,Jane left Old Navy to try jeans on at another store.,-128.0,"[-22.390531539916992, -22.845711827278137]",True,0.455180287361145,A,correct_min_abs,False,A,stubborn_wrong_other
"[-53.635746002197266, -20.214805603027344]",True,33.42094039916992,B,True,33.436662673950195,B,"[0.005278225522488356, 0.021002553403377533]",Ron only had one air conditioner. And it didn't cool off his entire house. He invested in a powerful fan. And it help blow cool air to his room.,8590275a-2bfd-4259-b7bf-a2005157b820,B,Now his house can stay cool all summer.,0.0,"[-53.635746002197266, -20.214805603027344]",True,33.42094039916992,B,correct_min_abs,True,A,base_correct_control
"[-19.722900390625, -19.11618423461914]",False,-0.6067161560058594,B,False,-0.5924606323242188,B,"[0.012265319004654884, -0.0019893611315637827]","Seven men went to the river. Joe was the youngest, full of pride. He jumped in the water, even though he knew that he couldn't swim well. The tide was too strong for him.",859a188c-b220-4566-80d0-9b10219f02b2,A,The oldest man had to save Joe.,64.0,"[-18.937919974327087, -19.243503347039223]",True,0.3055833727121353,A,correct_min_abs,False,A,improving_but_unflipped
"[-15.323752403259277, -20.417709350585938]",False,-5.09395694732666,A,False,-5.099732398986816,A,"[0.014126199297606945, 0.008351009339094162]",Last night was spent facedown on the bar. I was having a wonderful time until the tenth shot. That was about the time I realized I drank too much. I dance with a man's wife and I kiss his mom.,87e225ce-9096-4442-aa10-36e4ad86ec6b,B,I was so embarrassed after the kiss.,-1024.0,"[-29.78898048400879, -28.96914291381836]",True,0.8198375701904297,B,correct_min_abs,False,A,stubborn_wrong_other
"[-24.67742347717285, -22.680936813354492]",False,-1.9964866638183594,B,False,-1.9917564392089844,B,"[0.006484072655439377, 0.0017545963637530804]",The new accountant got confused where his desk was. He found his supervisor and asked her where he was to be seated. She walked him to his stationed desk. He sat down and then asked her about the recent assignment.,88d08dc2-59da-4922-9d9b-309d44974a5b,A,The new accountant wanted to adjust to his surroundings.,512.0,"[-21.35757827758789, -21.782583475112915]",True,0.4250051975250244,A,correct_min_abs,False,A,improving_but_unflipped
"[-27.777202606201172, -24.56039047241211]",False,-3.2168121337890625,B,False,-3.224750518798828,B,"[0.001226191408932209, 0.009164166636765003]",An old rich man owned an island. He built a great zoo there. The zoo had unusual animals that nobody had ever seen before. A hurricane struck the island and many of the animals were set free.,8b41f6e2-f6fe-4f31-ab92-084e30052441,A,"The man quickly tried to round them all up, but it was difficult.",-512.0,"[-28.405012607574463, -29.25244379043579]",True,0.8474311828613281,A,correct_min_abs,False,A,improving_but_unflipped
"[-9.920900344848633, -17.671283721923828]",False,-7.750383377075195,A,False,-7.758475303649902,A,"[0.009569656103849411, 0.0014778943732380867]","Eddie's dad took him to a wrestling show. Eddie loved the whole show! Afterwards, he got a wrestler's autograph. He decided wrestlers were the best guys ever.",8c7ee998-1fb8-41a1-8c84-6acceff23dcf,B,Eddie had the best day with his dad!,-1024.0,"[-19.72022819519043, -19.18464756011963]",True,0.5355806350708008,B,correct_min_abs,False,A,improving_but_unflipped
"[-26.385847091674805, -20.903520584106445]",False,-5.482326507568359,B,False,-5.485170364379883,B,"[-0.007126276381313801, -0.004281934350728989]","Mick wanted a cool jean jacket like his friends had. He wanted to be stylish like them, but he was broke. Then he went to a secondhand store and saw a great jean jacket. It was only six dollars!",8ee3dc14-fade-4bf1-8ac1-13624af59672,A,Mick asked his mother to loan him six dollars for the jacket.,-2048.0,"[-11.79123306274414, -12.134119033813477]",True,0.34288597106933594,A,correct_min_abs,False,A,stubborn_wrong_other
"[-18.7561092376709, -21.531742095947266]",False,-2.775632858276367,A,False,-2.785053253173828,A,"[0.001599400769919157, -0.007820071652531624]",Gina had been working on a report when her friend called. Gina didn't have a lot of time to finish the report. But when her friend suggested they meet at the park she agreed. Gina figured she still had a whole day and a half to finish the report,95486114-97f8-47ed-8e53-d868d3ec0643,B,"When she got home from the park, Gina was too tired to work.",-512.0,"[-19.575002431869507, -17.527865409851074]",True,2.0471370220184326,B,correct_min_abs,False,A,improving_but_unflipped
"[-24.228097915649414, -24.60734748840332]",False,-0.37924957275390625,A,False,-0.3643169403076172,A,"[-0.0034828418865799904, 0.011450265534222126]",Brad was camping in the mountains with his friends. They roasted marshmallows all night. When they woke up in the morning there was a bobcat in the camp! Brad was scared to come out of his tent.,981447a3-b34d-43cf-b417-02207d1c1421,B,The bobcat was actually his friend in a costume.,32.0,"[-24.339548856019974, -24.240938991308212]",True,0.09860986471176147,B,correct_min_abs,False,A,improving_but_unflipped
"[-21.31879425048828, -20.366243362426758]",True,0.9525508880615234,B,True,0.9625587463378906,B,"[0.0031441824976354837, 0.013151452876627445]","Jen wanted all of her family to be together for Christmas. She planned a fun party and invited everyone. All of her friends showed up, but not her family. Jen was very sad.",9825a8de-7f92-4cd7-8165-e9755209cc21,B,Jen decided to make the best of what she had.,0.0,"[-21.31879425048828, -20.366243362426758]",True,0.9525508880615234,B,correct_min_abs,True,A,base_correct_control
"[-11.160139083862305, -16.43613052368164]",False,-5.275991439819336,A,False,-5.2689619064331055,A,"[-0.0025585098192095757, 0.004471245687454939]","Kate was having a school fundraiser for Krispy Kreme Doughnuts. Kate was selling the doughnuts for band uniforms. In addition, the top seller would get a monetary prize. Kate worked hard over the next two weeks selling doughnuts.",9f8aab3c-1a0f-4eed-8b64-e608fa9a4543,B,Kate won one hundred dollars.,1024.0,"[-13.78005313873291, -11.857574939727783]",True,1.922478199005127,B,correct_min_abs,False,A,improving_but_unflipped
"[-43.64849853515625, -6.992224216461182]",True,36.65627431869507,B,True,36.66901206970215,B,"[0.0064066145569086075, 0.019142400473356247]",Gray wanted to be a weightlifter. He practiced at the gym after school. He lifted heavier and heavier weights. Soon he was confident in his abilities.,9fd936f2-43de-447c-901b-f11036de58f0,B,He won a weightlifting competition.,0.0,"[-43.64849853515625, -6.992224216461182]",True,36.65627431869507,B,correct_min_abs,True,A,base_correct_control
"[-19.182138442993164, -18.409263610839844]",False,-0.7728748321533203,B,False,-0.7576103210449219,B,"[0.01137932762503624, -0.0038861758075654507]","Neil stared in horror at his plate. The slimy pile of eggplant seemed to stare back at him. No way could he eat that! Spying his dog under the table, he began slipping pieces to it.",9ff1fcea-3214-4e1f-8383-c201d09cc798,A,Neil fed the dog all of his eggplant.,64.0,"[-18.453861474990845, -18.657978862524033]",True,0.20411738753318787,A,correct_min_abs,False,A,improving_but_unflipped
"[-19.596158981323242, -26.392528533935547]",False,-6.796369552612305,A,False,-6.784452438354492,A,"[-0.0039095189422369, 0.00800775270909071]",Amy was happy it was Saturday. She didn't want to go to school and face her friends. They All wanted to hear about the big game. That was the last thing she wanted to discuss.,a498bb68-d354-4ee2-ab8b-7610d6947d79,B,Amy avoided her friends and talking about the big game.,1024.0,"[-23.599506378173828, -18.19258975982666]",True,5.406916618347168,B,correct_min_abs,False,A,stubborn_wrong_other
"[-40.27577209472656, -31.902114868164062]",False,-8.3736572265625,B,False,-8.353015899658203,B,"[0.009850660338997841, -0.010791424661874771]","Tim's truck needed an oil change. He decided to do it himself to save some money. Under the truck, he loosened the plug on the oil pan. Suddenly, oil poured everywhere!",a7c449d7-d15f-484f-8324-358d55a798a4,A,"It created such a mess, maybe it wasn't worth saving the money.",512.0,"[-35.23223400115967, -37.427324295043945]",True,2.1950902938842773,A,correct_min_abs,False,A,stubborn_wrong_other
"[-21.775157928466797, -10.893509864807129]",False,-10.881648063659668,B,False,-10.864765167236328,B,"[0.00402987003326416, -0.012852435000240803]",Kim was going to the mall with her aunt to see Santa. They arrived at the mall and could see the line from the parking lot. They waited in line for two hours. When it was Kim's turn she was afraid of Santa.,a8c3c60b-15e4-4360-b09c-6f79b602198a,A,Kim insisted her mother come with her.,1024.0,"[-17.648571014404297, -24.05440330505371]",True,6.405832290649414,A,correct_min_abs,False,A,improving_but_unflipped
"[-31.585031509399414, -28.107994079589844]",False,-3.4770374298095703,B,False,-3.478006362915039,B,"[0.006778188981115818, 0.007746949791908264]",Sarah was out with her friends. She had been watching a movie at the theater. Sarah lost track of time and arrived back at home late. She missed her curfew by a few hours.,a97d10d8-66b2-4030-8269-37dfdad9e6b8,A,Sarah's parents were upset and moved her curfew even earlier.,-4096.0,"[-59.348493576049805, -59.839500427246094]",True,0.49100685119628906,A,correct_min_abs,False,A,stubborn_wrong_other
"[-18.748767852783203, -17.593814849853516]",True,1.1549530029296875,B,True,1.1503829956054688,B,"[0.01516153384000063, 0.010591654106974602]",My girlfriend is easily scared. I love watching horror movies. I convinced her to watch one with me. She yelled at one scene and spilled her soda everywhere.,aa775b2b-0abd-44b2-a058-3ba4368831b1,B,I watched the rest of the movie by myself.,0.0,"[-18.748767852783203, -17.593814849853516]",True,1.1549530029296875,B,correct_min_abs,True,A,base_correct_control
"[-12.431436538696289, -19.511104583740234]",False,-7.079668045043945,A,False,-7.074767112731934,A,"[0.004608963616192341, 0.009509909898042679]",Nick was at a baseball game during the evening. He stepped up to the plate so that he could bat. The pitcher threw a fastball at him. Nick saw the ball and hit it for a home run.,b10e6b0d-51ea-4032-954d-6cfe80f9928e,B,Nick ran the bases with a big smile on his face.,2048.0,"[-2.992279052734375, -0.034809112548828125]",True,2.957469940185547,B,correct_min_abs,False,A,stubborn_wrong_story_context
"[-22.065933227539062, -16.33177947998047]",False,-5.734153747558594,B,False,-5.740024566650391,B,"[0.016514644026756287, 0.022384129464626312]",Jake was at the grocery store. He was trying to pick melons. Someone noticed he was confused. She went over and tried to explain which were best.,b16b9ccd-ecdc-44c8-9c7f-bd2827aee2c3,A,Jake finally chose a melon that he thought was ripe.,-1024.0,"[-38.9769287109375, -39.25312805175781]",True,0.2761993408203125,A,correct_min_abs,False,A,stubborn_wrong_other
"[-25.430011749267578, -18.804330825805664]",False,-6.625680923461914,B,False,-6.632818222045898,B,"[-0.004342216067016125, 0.0027949209325015545]","My friend texted me, wanting to hang out Friday night. I wanted to take her out for dinner. When I tried to contact her on Friday, I got no reply. Despite the change of plans, everything turned out great.",b17a99fe-5882-41cc-a11c-0fd49b31a2aa,A,I met up with another friend and we enjoyed ourselves.,-1024.0,"[-20.983582496643066, -21.666329860687256]",True,0.6827473640441895,A,correct_min_abs,False,A,improving_but_unflipped
"[-26.86603546142578, -20.996244430541992]",False,-5.869791030883789,B,False,-5.875190734863281,B,"[0.009742171503603458, 0.015142399817705154]",Bernie started to get tired of telemarketing calls. The phone had already rung six times in the past few hours. The phone just then rang again. Bernie picked up the phone to hear some snickering.,b487738b-3b12-4183-94f8-856698aae9c2,A,Bernie realized it was his friend prank calling.,-2048.0,"[-46.818002700805664, -52.00787925720215]",True,5.189876556396484,A,correct_min_abs,False,A,improving_but_unflipped
"[-16.007389068603516, -19.934932708740234]",False,-3.9275436401367188,A,False,-3.9156646728515625,A,"[0.0030487561598420143, 0.014926054514944553]","One Christmas, I received a shiny and expensive-looking briefcase. The next day, I filled my new case and gathered  my things. I set the briefcase on the roof temporarily while I loaded car. While I was driving, people were beeping at me.",b7755c94-f844-48aa-9c6f-8ecfb7507563,B,I did not realize where my briefcase was.,512.0,"[-14.446425914764404, -12.292792797088623]",True,2.1536331176757812,B,correct_min_abs,False,A,improving_but_unflipped
"[-16.740184783935547, -23.29400634765625]",False,-6.553821563720703,A,False,-6.5478973388671875,A,"[-0.0021701566874980927, 0.003753331024199724]",Mac needed a new tie. He went to the mall. He shopped until he found the perfect tie. He took it home and tried it on.,b7c35c24-24bb-4a57-ab29-8fd4928964ee,B,Mac's tie looked great and everyone gave him compliments.,2048.0,"[-21.18466567993164, -15.607184410095215]",True,5.577481269836426,B,correct_min_abs,False,A,stubborn_wrong_story_context
"[-10.24813175201416, -20.951107025146484]",False,-10.702975273132324,A,False,-10.691238403320312,A,"[-0.017126617953181267, -0.005389723926782608]",Stacie went down to the river bank to feed the ducks. She opened her package of bread. The ducks eagerly swam towards her. Stacie broke off small pieces of bread to give to the ducks.,b9224e3a-de59-49c6-9d59-b224bc844d7f,B,Stacie then fed the ducks and enjoyed it.,1024.0,"[-27.785788536071777, -26.470184326171875]",True,1.3156042098999023,B,correct_min_abs,False,A,improving_but_unflipped
"[-28.416526794433594, -27.063318252563477]",False,-1.3532085418701172,B,False,-1.3419017791748047,B,"[0.012458965182304382, 0.0011525992304086685]",Susan knew she hurt him by leaving. She knew she couldn't turn back. The next day she packed up and never looked back. She moved back in with her parents for awhile.,b98c114b-d657-49d2-9bd1-912438fadd68,A,Susan knew the choice she made was difficult but for the best.,128.0,"[-26.821779251098633, -26.915785551071167]",True,0.09400629997253418,A,correct_min_abs,False,A,stubborn_wrong_other
"[-18.09467887878418, -23.111154556274414]",False,-5.016475677490234,A,False,-5.019584655761719,A,"[0.013143758289515972, 0.010033948346972466]",One day I was walking on the sidewalk. I saw an old dog on the driveway nearby. He looked at me and barked. I tried to run away because I was startled.,b9fd2374-e193-45be-8646-6f3beca67b3c,B,I ran away and then got away.,-2048.0,"[-45.01309585571289, -43.66068077087402]",True,1.3524150848388672,B,correct_min_abs,False,A,improving_but_unflipped
"[-11.920164108276367, -10.510540962219238]",True,1.409623146057129,B,True,1.4159574508666992,B,"[0.0023568347096443176, 0.008690751157701015]",My cat likes to hunt. One day my cat hunted a mouse. The mouse was really fast. The cat could not catch the mouse.,bc5cb34e-a2c6-403b-954c-92bcfffb425a,B,The cat was really slow.,0.0,"[-11.920164108276367, -10.510540962219238]",True,1.409623146057129,B,correct_min_abs,True,A,base_correct_control
"[-9.336442947387695, -7.07894229888916]",False,-2.257500648498535,B,False,-2.2248969078063965,B,"[0.022350888699293137, -0.010252609848976135]","Tim took an arts and crafts class. He was awful at it. He couldn't make paper hats, necklaces, or bracelets. He decided to keep trying.",bc691aa4-cc56-49a0-a0dd-7e3482001d8f,A,Tim's skills improved over time.,128.0,"[-6.475529193878174, -8.391276359558105]",True,1.9157471656799316,A,correct_min_abs,False,A,improving_but_unflipped
"[-17.74942398071289, -20.62381935119629]",False,-2.8743953704833984,A,False,-2.857473373413086,A,"[-0.006114375311881304, 0.010806427337229252]","Debra decided that the bus was the most economical way to get to work. Debra found the bus somewhat slow, but very cost-effective. Debra also liked that public transit was environmentally friendly. She had to get up fifteen minutes earlier to make it to the bus.",bd36aa9d-d6ec-4895-bb7f-43c45226b070,B,She set her alarm for 15 minutes earlier.,256.0,"[-19.314704060554504, -17.8573739528656]",True,1.4573301076889038,B,correct_min_abs,False,A,improving_but_unflipped
"[-16.508222579956055, -19.492504119873047]",False,-2.984281539916992,A,False,-2.9718475341796875,A,"[-0.00407778937369585, 0.008355716243386269]","Yesterday, Pat was on a hiking trip with her girl scout troop. While they were eating lunch, her friends were playing around. One of the girls grabbed her phone and threw it into the lake. The girl was reprimanded for her action, but Pat never found her phone.",c06fd75b-3dcc-4f1c-9d28-7686dd73e57d,B,Pat never talked to that girl again.,256.0,"[-17.552136659622192, -17.353440761566162]",True,0.19869589805603027,B,correct_min_abs,False,A,improving_but_unflipped
"[-24.498268127441406, -17.39748764038086]",False,-7.100780487060547,B,False,-7.110065460205078,B,"[-0.002641892060637474, 0.0066441940143704414]",Deb always dreamed of getting married and buying a large house. After she met the love of her life she was ready to start a family. Deb knew that the first step was to buy a home. She quickly started to search for the perfect home.,c7c0e303-15b4-4512-b4d6-c1562789ef1d,A,She found a wonderful home right by her job.,-1024.0,"[-21.792970657348633, -24.20114231109619]",True,2.4081716537475586,A,correct_min_abs,False,A,stubborn_wrong_other
"[-28.787382125854492, -29.019168853759766]",True,0.23178672790527344,A,True,0.25968170166015625,A,"[0.029560839757323265, 0.0016643377020955086]",Francis has been inside his home for many days writing. He cannot remember the last time he left his house. Finally he puts on his boots and decides to go outside. The air feels great on his face.,c85e9c3e-4c5a-4b53-8572-52f98228df2c,A,Francis shivers and starts walking to a park.,0.0,"[-28.787382125854492, -29.019168853759766]",True,0.23178672790527344,A,correct_min_abs,True,A,base_correct_control
"[-17.629796981811523, -36.95316696166992]",False,-19.3233699798584,A,False,-19.31307029724121,A,"[-0.0005726185627281666, 0.009727860800921917]","Gino has been looking for a job for weeks. One day he sees an ad for a job at a pizza restaurant. Although he doesn't have relevant experience, he applies for the job. The owner decides to hire Gino.",cbde08c3-c0c2-401f-988d-7d2eb13ab8fa,B,Geno struggles for a while but gets the hang of it.,2048.0,"[-18.80251979827881, -17.030508041381836]",True,1.7720117568969727,B,correct_min_abs,False,A,improving_but_unflipped
"[-27.296642303466797, -16.691429138183594]",False,-10.605213165283203,B,False,-10.600528717041016,B,"[0.005823388695716858, 0.0011393028544262052]","Eric was walking around a pond at a local park. He saw a turtle on a rock a few feet from the shore. He stepped into the water to try to catch the turtle. Suddenly, he sank knee deep into the mud and got stuck.",cc17cf01-2e94-454f-b5f9-9b819e31a2e5,A,Someone walking on the shore ran over to rescue Eric.,4096.0,"[-3.444042205810547, -12.024844646453857]",True,8.58080244064331,A,correct_min_abs,False,A,improving_but_unflipped
"[-11.597733497619629, -20.414066314697266]",False,-8.816332817077637,A,False,-8.823965072631836,A,"[0.01224773470312357, 0.0046149566769599915]","I used to see an old man walk down the street every day. One day, to my surprise, he wasn't there! I asked everyone what had happened to him. Nobody knew, I thought that he had died!",cccad398-a3e5-4965-85d8-8b6197a5f123,B,One day the man was out walking again!,-2048.0,"[-36.6810941696167, -29.865497589111328]",True,6.815596580505371,B,correct_min_abs,False,A,stubborn_wrong_story_context
"[-38.39923858642578, -14.148632049560547]",True,24.250606536865234,B,True,24.25915241241455,B,"[-0.0016818675212562084, 0.0068636732175946236]","Mariko took her friend Julie to try ramen. Julie had never had ramen that wasn't instant dry noodles before. She eagerly tried the ramen. It was so good, she ordered a second bowl.",ce7e82aa-d883-45d5-b6e5-65f987b861b5,B,Julie decided it was her new favorite food.,0.0,"[-38.39923858642578, -14.148632049560547]",True,24.250606536865234,B,correct_min_abs,True,A,base_correct_control
"[-25.945770263671875, -20.734987258911133]",False,-5.210783004760742,B,False,-5.197164535522461,B,"[0.012138066813349724, -0.001479953178204596]","Allison takes a walk every night after dinner to get exercise. Nobody ever wants to go with her. One night, she ran into one of her neighbors. They walked for over an hour and had the best time talking!",cfe1651c-29de-4cc0-a8d1-22a6c1adbd18,A,Allison and her neighbor then made plans to walk more.,512.0,"[-19.731080055236816, -21.492723286151886]",True,1.7616432309150696,A,correct_min_abs,False,A,stubborn_wrong_other
"[-17.155624389648438, -14.517679214477539]",False,-2.6379451751708984,B,False,-2.641437530517578,B,"[-0.0023628221824765205, 0.0011294330470263958]",Linda passed by a bakery she never saw before. And she decided to go inside. She loved muffins. So she ordered a chocolate one and a banana one.,d1ba101d-1f33-4d22-9c98-916ec815ec6c,A,She ate them both right away!,-1024.0,"[-14.73609447479248, -15.674218654632568]",True,0.9381241798400879,A,correct_min_abs,False,A,stubborn_wrong_other
"[-24.39255142211914, -22.89847183227539]",True,1.49407958984375,B,True,1.4909000396728516,B,"[0.016191214323043823, 0.013012077659368515]",Larry hated going to the mall. He was stuck there last Saturday. It was particularly packed due to sales. He started having a panic attack in the middle of a crowd.,d51a8925-811f-4851-bc58-c6eca7660b3f,B,A man helped him recover.,0.0,"[-24.39255142211914, -22.89847183227539]",True,1.49407958984375,B,correct_min_abs,True,A,base_correct_control
"[-19.147632598876953, -14.815244674682617]",False,-4.332387924194336,B,False,-4.345746994018555,B,"[0.007230185437947512, 0.020590126514434814]","Sue got a white bunny for Easter. She named him Fred. About two weeks after she got him, Sue got a big surprise. There were five baby bunnies in the hutch with Fred.",d5569f5e-0c8a-47e9-9948-0fb157452e11,A,Fred must be a female rabbit.,-512.0,"[-22.84948754310608, -25.357389450073242]",True,2.507901906967163,A,correct_min_abs,False,A,stubborn_wrong_story_context
"[-18.581262588500977, -22.757848739624023]",False,-4.176586151123047,A,False,-4.170446395874023,A,"[0.0033625925425440073, 0.009501560591161251]",Tuie was a very spoiled dog who liked to be completely covered up. She would always try to get underneath Adam's blanket. Adam got tired of his blanket smelling like a dog. He went to the store and bought her a blanket of her very own.,dc845153-6fcc-4e6f-a06d-08d6459da34c,B,Tue loved her new blanket and Adam was happy.,1024.0,"[-15.137967824935913, -13.028250694274902]",True,2.1097171306610107,B,correct_min_abs,False,A,stubborn_wrong_other
"[-32.78385543823242, -16.83789825439453]",False,-15.94595718383789,B,False,-15.959896087646484,B,"[0.002787782810628414, 0.01672675460577011]","Jamie's friends at school always told her baseball was a boys sport. However, Jamie loved baseball more than any other activity. So Jamie practiced baseball no matter what the others said. Soon she was the best baseball player at school.",dd101579-96e4-4840-9e33-9bb4ce3c18ab,A,No one made fun of Jamie and her love of baseball again.,-2048.0,"[-38.493234634399414, -51.09429168701172]",True,12.601057052612305,A,correct_min_abs,False,A,stubborn_wrong_story_context
"[-19.408708572387695, -27.035709381103516]",False,-7.62700080871582,A,False,-7.616880416870117,A,"[0.006998345255851746, 0.017119040712714195]",Beth's daughter was coming to town and bringing her kids. Beth was excited to see her grandchildren. When her daughter arrived she played and baked cookies with the kids. The kids stayed 2 weeks before returning home.,dfc1fecf-7f42-4866-aa26-1371b985ab05,B,Beth and her grandchildren baked cookies everyday!,1024.0,"[-12.242403030395508, -9.50581169128418]",True,2.736591339111328,B,correct_min_abs,False,A,improving_but_unflipped
"[-12.631760597229004, -18.49371910095215]",False,-5.8619585037231445,A,False,-5.862911224365234,A,"[-0.01140877977013588, -0.01236194558441639]",When the waiter returned to the table the customers looked ready. She asked the woman what she wanted to eat. The woman began to speak and then stopped. She was no longer sure what she wanted.,e0bc2ab4-3028-45a2-b1de-6c57960b93f5,B,The waiter gave them more time.,-4096.0,"[34.09860134124756, 32.14081001281738]",False,-1.9577913284301758,A,best_margin_when_all_wrong,False,A,improving_but_unflipped
"[-26.686023712158203, -36.27483367919922]",False,-9.588809967041016,A,False,-9.581228256225586,A,"[-0.013754337094724178, -0.00617088470607996]",Lily was at the nearby mall with friends when she saw Nick Jonas. She was immediately shocked and couldn't believe it. Nick smiled at her and gave her an autograph. Lily was elated.,e5aeb957-508c-45e7-b0d1-d9f847f9c6f5,B,Lily posted what had happened to all the social media sites.,2048.0,"[-54.85490608215332, -48.91280555725098]",True,5.942100524902344,B,correct_min_abs,False,A,improving_but_unflipped
"[-19.492931365966797, -57.64792251586914]",True,38.154991149902344,A,True,38.1477108001709,A,"[0.007795680779963732, 0.015074364840984344]",John wanted to be on the track team for his high school. He wanted to run the dashes but wasn't a fast starter. He could run for hours at a steady pace but just not very fast. His coach recommended that he runs the mile instead of sprints.,e69ab46c-cad0-4e78-bd37-39cbf99e95d8,A,John made the track team and won.,0.0,"[-19.492931365966797, -57.64792251586914]",True,38.154991149902344,A,correct_min_abs,True,A,base_correct_control
"[-18.476642608642578, -21.818090438842773]",False,-3.3414478302001953,A,False,-3.3492870330810547,A,"[0.012383492663502693, 0.00454526674002409]",Tim was making pizza. It was for the family. However all the ingredients were gone except the dough and the sauce. He nervously put bananas on the pizza.,e9346026-e1cf-4188-97a8-7dc930c9f6c5,B,Tim's family pretended to like the banana pizza.,-512.0,"[-24.816990852355957, -24.145267009735107]",True,0.6717238426208496,B,correct_min_abs,False,A,stubborn_wrong_story_context
"[-14.766251564025879, -13.734490394592285]",False,-1.0317611694335938,B,False,-1.0231618881225586,B,"[0.01953129842877388, 0.0109318932518363]",Bill couldn't afford to go to college when he was younger. Now he is an old man whose dream is to get a degree. At the age of 70 he finally accomplished his dream. Everyone was very proud of him.,ed594d9e-4c0f-4110-be41-95859a167e16,A,Bill was the proudest.,128.0,"[-12.266245365142822, -12.335208058357239]",True,0.0689626932144165,A,correct_min_abs,False,A,improving_but_unflipped
"[-25.816301345825195, -24.45636749267578]",True,1.359933853149414,B,True,1.3500213623046875,B,"[0.021711312234401703, 0.01179923489689827]",Tay watched TV all the time. She decided to cut down on her TV consumption. She started by watching one less show every day. Then she watched only on weekends.,ee02eb9a-5f84-4781-8847-0e81178f7402,B,Tay had much more time to do things outside the house.,0.0,"[-25.816301345825195, -24.45636749267578]",True,1.359933853149414,B,correct_min_abs,True,A,base_correct_control
"[-15.213711738586426, -7.534603118896484]",False,-7.679108619689941,B,False,-7.691644191741943,B,"[-0.0016491493443027139, 0.010886806063354015]","Stella had a basketball game tonight. She wanted to skip the game, or sit on the bench. She wasn't really feeling well. But her coach insisted she play.",efd15a59-3fa8-436c-bc18-091a3ad9092c,A,Stella struggled through the basketball game.,-1024.0,"[-13.524982810020447, -18.682692527770996]",True,5.157709717750549,A,correct_min_abs,False,A,stubborn_wrong_other
"[-25.905858993530273, -23.294513702392578]",False,-2.6113452911376953,B,False,-2.618305206298828,B,"[-0.004739239811897278, 0.0022194788325577974]","My friend visited me from California. We went to his van, smoked and talked. Time went by fast as we caught up. My friend told me that he had to go.",f09ef0f0-ba27-49e3-8d6c-8dafb3a49137,A,My friend left and I was happy about the experience.,-512.0,"[-23.479368209838867, -24.43088686466217]",True,0.9515186548233032,A,correct_min_abs,False,A,improving_but_unflipped
"[-30.024492263793945, -34.16331100463867]",False,-4.138818740844727,A,False,-4.142477035522461,A,"[0.0019560500513762236, -0.0017003046814352274]",Dan and Tim were going to have a picnic. Tom made sandwiches for the picnic. Tim brought lemonade for the picnic. As the boys were leaving it started to rain.,f1c60fd9-11a7-4ab9-a785-e538e240c9cb,B,Dan saved the day and picnic by bringing an umbrella.,-2048.0,"[-34.03048276901245, -30.681087017059326]",True,3.349395751953125,B,correct_min_abs,False,A,stubborn_wrong_other
"[-20.62502670288086, -11.145715713500977]",False,-9.479310989379883,B,False,-9.490433692932129,B,"[0.009558254852890968, 0.020680740475654602]","Jarett loaned $200 dollars from me. He told me that he was going to pay me back before the end of the week. The next day, I saw him walking with Tony. He was giving her money.",f3a2b24e-3f37-47b4-98ff-d128cca05564,A,I was very angry at Jarrett.,-1024.0,"[-30.41267967224121, -32.32279396057129]",True,1.9101142883300781,A,correct_min_abs,False,A,stubborn_wrong_other
"[-19.702129364013672, -18.591873168945312]",True,1.1102561950683594,B,True,1.1230754852294922,B,"[-0.00477844150736928, 0.00804170873016119]",Sal loved to draw designs for shoes. He would pin them up all around his workshop. One day a rich businessman came to his workshop. He saw all of Sal's designs and was very impressed.,f3cb247a-f1b3-4ec1-9763-1d8583ab6c01,B,Sal was excited for his future with the businessman.,0.0,"[-19.702129364013672, -18.591873168945312]",True,1.1102561950683594,B,correct_min_abs,True,A,base_correct_control
"[-8.559802055358887, -32.1096305847168]",True,23.54982852935791,A,True,23.54305076599121,A,"[0.002129411557689309, 0.00890813022851944]","When Audrey was a little girl she was excited to start school. As the youngest, all her siblings started school before her. On her first day of school she was so excited to meet her teacher. When she came home she told her mom all about her new friends.",f47cf504-b7c7-4802-aba5-bdd756b5a402,A,Audrey was happy with her first day of school.,0.0,"[-8.559802055358887, -32.1096305847168]",True,23.54982852935791,A,correct_min_abs,True,A,base_correct_control
"[-12.617987632751465, -11.28835678100586]",False,-1.3296308517456055,B,False,-1.3305368423461914,B,"[0.015882054343819618, 0.016788404434919357]","I'm waiting for a payment to come through the mail. After several weeks, nothing came through the mail. A few people knocked on my door. Apparently they have the mail with my payment.",f4ad38ee-39c2-4132-ac39-d7ce6b458547,A,I was relieved.,-2048.0,"[-45.14443492889404, -45.6710090637207]",True,0.5265741348266602,A,correct_min_abs,False,A,improving_but_unflipped
"[-27.49156379699707, -19.36239242553711]",False,-8.129171371459961,B,False,-8.126489639282227,B,"[0.0007584397681057453, -0.0019220337271690369]","When I was young, I approached my cousin's dog and it bit my forearm. The bite broke the skin and I was bleeding and ran to my aunt and mom. When I tried to say what happened, they told me not to interrupt. I waited patiently, holding my arm and bleeding.",f68c3995-a6e6-4d15-ad3f-20d619a70824,A,I urged my aunt and mom that there was an emergency.,4096.0,"[-24.384994506835938, -27.235042572021484]",True,2.850048065185547,A,correct_min_abs,False,A,stubborn_wrong_other
"[-13.01253604888916, -14.816939353942871]",False,-1.804403305053711,A,False,-1.8136882781982422,A,"[0.008167941123247147, -0.0011164932511746883]","Felipe had been interested in Germany since he was a young child. He learned about the language and culture by reading library books. Finally in college he was able to visit Berlin. Felipe loved the German art, food, and beer.",fc416bf8-23b2-41af-b4bf-ffc544321166,B,Felipe visited Germany again later in his life.,-256.0,"[-15.10352897644043, -14.53111708164215]",True,0.5724118947982788,B,correct_min_abs,False,A,improving_but_unflipped
"[-12.2991943359375, -17.297008514404297]",False,-4.997814178466797,A,False,-5.000470161437988,A,"[0.009129246696829796, 0.006473000161349773]",I really wanted to make a snowman last week. There was plenty of time and snow. Unfortunately I didn't have any gloves good enough. I had lost all the pairs that wouldn't soak through.,fcda8c73-3eea-4c9e-a4d2-5daa960fdd22,B,Sadly I had to skip building a snowman.,-2048.0,"[-30.995891571044922, -30.553712844848633]",True,0.44217872619628906,B,correct_min_abs,False,A,improving_but_unflipped
"[-11.249042510986328, -10.765127182006836]",False,-0.4839153289794922,B,False,-0.46795654296875,B,"[0.018590236082673073, 0.0026308069936931133]",Larry had a big crush on his teacher. He knew it was pointless but constantly found himself staring. One day she caught him. He was really embarrassed.,fda48989-b699-4081-8e1c-edba35d07ccc,A,He vowed to stop staring.,32.0,"[-10.65415495634079, -10.680941358208656]",True,0.026786401867866516,A,correct_min_abs,False,A,improving_but_unflipped
